"Title","Description","Link","Image URL"
"Cottagecore AI Art That Actually Looks Magical â 50 Midjourney Prompts","Imagine opening your laptop and generating breathtaking cottagecore AI art in seconds. With 50 meticulously crafted Midjourney prompts, your feed fills with wildflower meadows, enchanted forests, and cozy farmhouse kitchens â no guessing, no frustration. This cozy aesthetic digital download transforms how you create AI art forever. Download now and start creating magic.","https://www.etsy.com/listing/4466783509/cottagecore-midjourney-prompts-ai-art","https://fsn1.your-objectstorage.com:443/cobb-artifacts-prod/ff/98a24d4a1032fc0be43a217071c4d0c95af02d3ffcd732de8f9424113be329.jpg"
"How to Use Midjourney Prompts for Cottagecore AI Art â Step by Step","Step 1: Download the 53-page PDF instantly. Step 2: Copy your favorite cottagecore prompt. Step 3: Paste into Midjourney, DALL-E 3, or Stable Diffusion. Step 4: Watch enchanted forest glades and wildflower meadows appear like magic. Each AI image prompt includes creative tips and variations so every result feels uniquely yours. It's the easiest way to master cozy aesthetic AI art. Download now!","https://www.etsy.com/listing/4466783509/cottagecore-midjourney-prompts-ai-art","https://fsn1.your-objectstorage.com:443/cobb-artifacts-prod/5e/821122e52bceb7e227336cbcef62974f4c9097a001157318d0d6c3e8bc4340.jpg"
"The Right Words Create Magic â Cottagecore Midjourney Prompt Book","""Every great AI artwork starts with the right words."" Stop staring at a blank prompt box and start generating stunning cottagecore aesthetic images that feel like paintings. This Midjourney prompt book gives you 50 cozy, ready-to-use AI image prompts â from fairy garden scenes to rustic charm farmhouse kitchens. Perfect for Midjourney, DALL-E 3, and Stable Diffusion. Download your creative spark today.","https://www.etsy.com/listing/4466783509/cottagecore-midjourney-prompts-ai-art","https://fsn1.your-objectstorage.com:443/cobb-artifacts-prod/bb/9bc7c589cd547e2a93e8e95be7436c59f0638921482fac301ea381b880ff92.jpg"
"Cottagecore Midjourney Prompts â Clean, Simple, Instantly Beautiful AI Art","Fifty thoughtfully written cottagecore AI art prompts, one beautiful 53-page digital download. Whether you love Midjourney, DALL-E 3, or Stable Diffusion, this prompt book was made for creators who crave cozy aesthetic imagery â wildflower meadows, enchanted forests, soft farmhouse light. Clean, simple, and instantly accessible. Add it to your creative toolkit and download now.","https://www.etsy.com/listing/4466783509/cottagecore-midjourney-prompts-ai-art","https://fsn1.your-objectstorage.com:443/cobb-artifacts-prod/57/8d80f113059a3b7b32cb6204d774399ef063bbe53c0f07805554ac536c3e51.jpg"
"Before & After: Cottagecore AI Art Prompts That Actually Work on Midjourney","Before: typing vague prompts and getting muddy, uninspired AI images. After: 50 cottagecore AI art prompts crafted for Midjourney, DALL-E 3, and Stable Diffusion that produce wildflower meadows, fairy gardens, and enchanted forest scenes on the first try. Skip the frustrating trial and error. This cozy aesthetic prompt book is your shortcut to consistently gorgeous results. Download now â just â¬5.34.","https://www.etsy.com/listing/4466783509/cottagecore-midjourney-prompts-ai-art","https://fsn1.your-objectstorage.com:443/cobb-artifacts-prod/68/d169e05d69749d606c2d563777629ecabf1af537fa7ad8bb44ab26626ff24e.jpg"
"Cottagecore Midjourney Prompt Book â 50 AI Art Prompts Inside This Download","Inside this cottagecore Midjourney prompt book: 50 cozy aesthetic AI image prompts, enchanted forest glades, wildflower meadow scenes, rustic farmhouse kitchens, fairy garden settings, and more. Works with Midjourney, DALL-E 3, and Stable Diffusion. 53 pages of creative tips and prompt variations included. Instant digital download PDF for just â¬5.34. Your most beautiful AI art is one download away â grab it now!","https://www.etsy.com/listing/4466783509/cottagecore-midjourney-prompts-ai-art","https://fsn1.your-objectstorage.com:443/cobb-artifacts-prod/3f/9283f4c0a15c1811ca7e38eee9aaad9b144d291ed13cfb91e993d3bbf7689c.jpg"
"Midjourney Prompts for Beginners â 50 Cottagecore AI Art Ideas to Start Now","New to Midjourney and not sure where to start with cottagecore aesthetic prompts? This beginner-friendly prompt book holds your hand through 50 ready-to-copy AI image prompts â no experience needed. Wildflower meadows, enchanted forest AI art, cozy farmhouse scenes â all written and tested so your very first images come out stunning. Works with DALL-E 3 and Stable Diffusion too. Download now and create with confidence.","https://www.etsy.com/listing/4466783509/cottagecore-midjourney-prompts-ai-art","https://fsn1.your-objectstorage.com:443/cobb-artifacts-prod/bd/6f7a2edd3dd3a1f6bbf5d90efde19033851b203dfbfb031bd8ee6b3218fd09.jpg"
"Spring Cottagecore AI Art â 50 Seasonal Midjourney Prompts for Your Garden Aesthetic","Spring is the perfect season to fill your boards with cottagecore wallpaper vibes, blooming wildflower meadow AI art, and cottage garden fairy scenes. These 50 seasonal-inspired Midjourney prompts were made for creators who love the fresh, floral, cozy aesthetic of spring and early summer. Compatible with DALL-E 3 and Stable Diffusion. Refresh your creative projects with one instant download. Download now and bloom.","https://www.etsy.com/listing/4466783509/cottagecore-midjourney-prompts-ai-art","https://fsn1.your-objectstorage.com:443/cobb-artifacts-prod/ed/e770792958e62c19b33b602783d8c5c67a484e6020e25cdecbac299ef388f8.jpg"
"Cottagecore Digital Gift Idea â Midjourney Prompt Book for Creative Friends","Looking for the perfect digital gift for a creative friend who loves cottagecore aesthetic and AI art? This 53-page Midjourney prompt book is an instant download they can start using today â 50 cozy AI image prompts for wildflower meadows, enchanted forests, and rustic farmhouse scenes. Works with DALL-E 3 and Stable Diffusion too. Thoughtful, beautiful, and under â¬6. Gift it now with just one click.","https://www.etsy.com/listing/4466783509/cottagecore-midjourney-prompts-ai-art","https://fsn1.your-objectstorage.com:443/cobb-artifacts-prod/b8/8e31cde6c6b3b45a6031fa7aa22cddeb19afa03c424b1eb4ba2d70ce4105b5.jpg"
"50 Cottagecore Midjourney Prompts â Instant Download Under â¬6 for AI Art Lovers","Fifty professionally written cottagecore AI art prompts. One 53-page PDF. Instant digital download. Compatible with Midjourney, DALL-E 3, and Stable Diffusion. Every prompt includes creative variations and tips so you get more than 50 ideas â you get endless inspiration. Wildflower meadows, enchanted forest scenes, cozy farmhouse kitchens, fairy gardens â all for just â¬5.34. That's less than a coffee for a whole library of cozy aesthetic prompts. Download now.","https://www.etsy.com/listing/4466783509/cottagecore-midjourney-prompts-ai-art","https://fsn1.your-objectstorage.com:443/cobb-artifacts-prod/0e/24f01069b94f601a6a2ae809a80af972b92ada0d40776ee1ed16df631f3848.jpg"