Title,Media URL,Board,Description,Link
"50 Cottagecore Midjourney Prompts for Beginners | AI Art Digital Download","https://fsn1.your-objectstorage.com:443/cobb-artifacts-prod/5d/54b5d5bf6f1fa3bd582c8b3133c27d993f7c9ba15e533379bb3312457587bc.jpg?x-id=GetObject&X-Amz-Algorithm=AWS4-HMAC-SHA256&X-Amz-Credential=HULDI5IVO0R3DR12KERN%2F20260306%2Ffsn1%2Fs3%2Faws4_request&X-Amz-Date=20260306T050257Z&X-Amz-Expires=604800&X-Amz-SignedHeaders=host&X-Amz-Signature=4400b487d42e7b65efede0e381a665cd1c5aa77ab0c0288cec5d07346f4f3682","Cottagecore AI Art","New to AI art? These 50 cottagecore Midjourney prompts are ready to copy, paste, and create! Compatible with Midjourney, DALL-E 3 & Stable Diffusion. Think enchanted forests, wildflower meadows, cozy farmhouse kitchens & whimsical animals 芒聙聰 all in dreamy cottagecore aesthetic. No experience needed. Just download and start creating magical AI art today. Grab this digital download on Etsy!","https://www.etsy.com/listing/4466783509/cottagecore-midjourney-prompts-ai-art"
"Cottagecore AI Art Prompts 芒聙聯 Midjourney & Stable Diffusion Ebook","https://fsn1.your-objectstorage.com:443/cobb-artifacts-prod/fd/349b0915a589ee1fcdf2deb5a8d3e639b88a457bc177f83b66ebad940e1f4c.jpg?x-id=GetObject&X-Amz-Algorithm=AWS4-HMAC-SHA256&X-Amz-Credential=HULDI5IVO0R3DR12KERN%2F20260306%2Ffsn1%2Fs3%2Faws4_request&X-Amz-Date=20260306T051517Z&X-Amz-Expires=604800&X-Amz-SignedHeaders=host&X-Amz-Signature=08220a6e6b7beb842986b702fb3a66b958570e91046b45e08b2fdebfde4dea57","Cottagecore AI Art","Create stunning cottagecore AI art with 50 expertly written prompts for Midjourney, DALL-E 3 & Stable Diffusion. From enchanted forest scenes to cozy whimsical interiors 芒聙聰 every prompt is comma-parsed and ready to use. Perfect for artists, bloggers & aesthetic lovers. Download instantly from Etsy!","https://www.etsy.com/listing/4466783509/cottagecore-midjourney-prompts-ai-art"
"Cozy Cottagecore Prompt Book 芒聙聯 50 AI Image Prompts for Midjourney","https://fsn1.your-objectstorage.com:443/cobb-artifacts-prod/41/662d95e4d8b8eefded6c6fc6a014aab9f3e6b7906eb1c2d4ff98ef06447dd8.jpg?x-id=GetObject&X-Amz-Algorithm=AWS4-HMAC-SHA256&X-Amz-Credential=HULDI5IVO0R3DR12KERN%2F20260306%2Ffsn1%2Fs3%2Faws4_request&X-Amz-Date=20260306T051537Z&X-Amz-Expires=604800&X-Amz-SignedHeaders=host&X-Amz-Signature=b9661b24d98c791ec4c904b067c7a3fa87995aee409187c2956961564df22b8e","Cottagecore AI Art","Transform your AI art with this cozy cottagecore prompt book! 50 ready-to-use prompts for farmhouse kitchens, enchanted forests & wildflower meadows. Works with Midjourney, DALL-E 3 & Stable Diffusion. Instant digital download. Perfect gift for AI art enthusiasts!","https://www.etsy.com/listing/4466783509/cottagecore-midjourney-prompts-ai-art"
"Create Cottagecore AI Art Fast 芒聙聯 50 Expert Prompts | Digital Download","https://fsn1.your-objectstorage.com:443/cobb-artifacts-prod/86/07cf0067a56a39cf2ec692db1f234cfda1f484fd03c8c227948d3f09092b43.jpg?x-id=GetObject&X-Amz-Algorithm=AWS4-HMAC-SHA256&X-Amz-Credential=HULDI5IVO0R3DR12KERN%2F20260306%2Ffsn1%2Fs3%2Faws4_request&X-Amz-Date=20260306T051600Z&X-Amz-Expires=604800&X-Amz-SignedHeaders=host&X-Amz-Signature=80de1303cf0fc33cf057a3967af448e14c63717f2cf7023fba1f91a859f2b741","Cottagecore AI Art","Stop guessing at keywords! These 50 expert cottagecore AI prompts are engineered for stunning results every time. Works with Midjourney, DALL-E 3 & Stable Diffusion. Save hours and create beautiful AI art with ease. Instant digital download on Etsy!","https://www.etsy.com/listing/4466783509/cottagecore-midjourney-prompts-ai-art"
"Enchanted Forest AI Art Prompts 芒聙聯 Cottagecore Midjourney Ebook","https://fsn1.your-objectstorage.com:443/cobb-artifacts-prod/61/d49fe0a90fb4269e9bc43f304fd901eaf586a811215d8112bb17e77477f199.jpg?x-id=GetObject&X-Amz-Algorithm=AWS4-HMAC-SHA256&X-Amz-Credential=HULDI5IVO0R3DR12KERN%2F20260306%2Ffsn1%2Fs3%2Faws4_request&X-Amz-Date=20260306T051621Z&X-Amz-Expires=604800&X-Amz-SignedHeaders=host&X-Amz-Signature=71eda2f847b9370f72c41703d69514ffc8468b8e4e44980e7db33c8986e3ffaf","Cottagecore AI Art","Bring enchanted forests to life with 50 magical cottagecore AI art prompts! Each prompt is crafted for Midjourney, DALL-E 3 & Stable Diffusion. Mossy trees, glowing fireflies, fae aesthetics & more. Download instantly from Etsy!","https://www.etsy.com/listing/4466783509/cottagecore-midjourney-prompts-ai-art"
"Cottagecore Digital Download 芒聙聯 50 AI Prompts for Dreamy Aesthetic Art","https://fsn1.your-objectstorage.com:443/cobb-artifacts-prod/d5/4f5c64afdf0211da17633745889a12966f6f6e00ec1e11c2971267f511aa81.jpg?x-id=GetObject&X-Amz-Algorithm=AWS4-HMAC-SHA256&X-Amz-Credential=HULDI5IVO0R3DR12KERN%2F20260306%2Ffsn1%2Fs3%2Faws4_request&X-Amz-Date=20260306T051640Z&X-Amz-Expires=604800&X-Amz-SignedHeaders=host&X-Amz-Signature=3bc741280c5c38a5a014e28b2d299d64c73bfec6aa39673348244459305550f8","Cottagecore AI Art","Your complete cottagecore AI art collection starts here! 50 prompts covering whimsical animals, floral wreaths, vintage cottages & woodland scenes. Compatible with Midjourney, DALL-E 3 & Stable Diffusion. Instant download on Etsy!","https://www.etsy.com/listing/4466783509/cottagecore-midjourney-prompts-ai-art"
"Winter Cottagecore AI Art Prompts 芒聙聯 Midjourney Digital Download Ebook","https://fsn1.your-objectstorage.com:443/cobb-artifacts-prod/9f/9e9e8dbf4333e7ebf041218c5163f3e18aa680356381574cc089feb88d61fd.jpg?x-id=GetObject&X-Amz-Algorithm=AWS4-HMAC-SHA256&X-Amz-Credential=HULDI5IVO0R3DR12KERN%2F20260306%2Ffsn1%2Fs3%2Faws4_request&X-Amz-Date=20260306T051701Z&X-Amz-Expires=604800&X-Amz-SignedHeaders=host&X-Amz-Signature=5f31966f738cc7b050d93dc0d20ef17f68879d8f0fa5e4ce81686bc7e5886f7c","Cottagecore AI Art","Cozy up with 50 winter cottagecore AI art prompts! Snow-covered cottages, pine branches, hygge aesthetics & warm glowing interiors. Perfect for Midjourney, DALL-E 3 & Stable Diffusion. Instant digital download on Etsy!","https://www.etsy.com/listing/4466783509/cottagecore-midjourney-prompts-ai-art"
"Spring Wildflower AI Art Prompts 芒聙聯 Cottagecore Midjourney Ebook","https://fsn1.your-objectstorage.com:443/cobb-artifacts-prod/94/5bedfd499b4891ea8bebab66c2b80301d915083aedd270d7764dda9940b36c.jpg?x-id=GetObject&X-Amz-Algorithm=AWS4-HMAC-SHA256&X-Amz-Credential=HULDI5IVO0R3DR12KERN%2F20260306%2Ffsn1%2Fs3%2Faws4_request&X-Amz-Date=20260306T051728Z&X-Amz-Expires=604800&X-Amz-SignedHeaders=host&X-Amz-Signature=0afa001f6c03bb972ee0eef67b29e8332b89fb1bd5c74f08861830bdfc586b10","Cottagecore AI Art","Welcome spring with 50 wildflower cottagecore AI art prompts! Butterflies, lavender meadows, golden hour & romantic pastoral scenes. Works with Midjourney, DALL-E 3 & Stable Diffusion. Instant digital download on Etsy!","https://www.etsy.com/listing/4466783509/cottagecore-midjourney-prompts-ai-art"
"Cottagecore Prompt Book Etsy 芒聙聯 AI Art for Midjourney & DALL-E 3","https://fsn1.your-objectstorage.com:443/cobb-artifacts-prod/8f/e0867d2bd487932c66495fd9a2f96b2da85b20e59e64cbc8bef657c0f45928.jpg?x-id=GetObject&X-Amz-Algorithm=AWS4-HMAC-SHA256&X-Amz-Credential=HULDI5IVO0R3DR12KERN%2F20260306%2Ffsn1%2Fs3%2Faws4_request&X-Amz-Date=20260306T051750Z&X-Amz-Expires=604800&X-Amz-SignedHeaders=host&X-Amz-Signature=f8125c69eeea2bdfc214cea210f211a841216f3500ef8a8bffd1ace0bffbfab2","Cottagecore AI Art","This beautifully crafted digital ebook holds 50 cottagecore AI art prompts inside. Compatible with Midjourney, DALL-E 3 & Stable Diffusion. The perfect Etsy digital download for any AI art enthusiast. Grab yours today!","https://www.etsy.com/listing/4466783509/cottagecore-midjourney-prompts-ai-art"
"AI Art for Digital Creators 芒聙聯 Cottagecore Midjourney Prompt Book","https://fsn1.your-objectstorage.com:443/cobb-artifacts-prod/c1/2204c6011679f630eb926692cb7782d4790a5c21ce4b1808b482a5fc69cdbe.jpg?x-id=GetObject&X-Amz-Algorithm=AWS4-HMAC-SHA256&X-Amz-Credential=HULDI5IVO0R3DR12KERN%2F20260306%2Ffsn1%2Fs3%2Faws4_request&X-Amz-Date=20260306T051810Z&X-Amz-Expires=604800&X-Amz-SignedHeaders=host&X-Amz-Signature=05e82fb7d156f2571fcb0bdf87a7d0d585a6b09e0e1899c85f75a5623fe74433","Cottagecore AI Art","Level up your digital content with 50 cottagecore AI art prompts! Create aesthetic content for blogs, social media & shops. Works with Midjourney, DALL-E 3 & Stable Diffusion. Instant digital download on Etsy. Perfect for content creators!","https://www.etsy.com/listing/4466783509/cottagecore-midjourney-prompts-ai-art"